index,smiles,molar_mass,flash_point/K,Tm/K,Tb/K,Tc/K,Pc/bar,Vc/(cm3/mol),density/(g/cm3),delta_G/(KJ/mol),delta_Hf/(KJ/mol),delta_Hvap/(KJ/mol),delta_Hfus/(KJ/mol),molar_volume/(cm3/mol)(default298K),delta_Hc/(KJ/mol),mass_calorific_value_h/(MJ/kg),ISP,note
0,CCCCCCCC,114.2319999999999,284.668,171.63,408.771,569.178,26.0562,483.56,0.714,16.759,-208.016,42.469,16.894,0.16,5132.534,44.931,339.888,CCCCCCCC at 298K
1,CCCC(C)C,86.17799999999993,254.393,127.224,330.552,489.776,32.0073,364.38,0.679,-4.135,-174.634,30.401,7.993,0.127,3891.236,45.153,339.75,CCCC(C)C at 298K
2,CCC(C)(C)C,86.17799999999993,247.53,150.496,317.718,480.582,32.5192,357.89,0.679,-3.716,-180.827,28.088,4.886,0.127,3885.043,45.082,339.483,CCC(C)(C)C at 298K
3,C=CCCCC,84.16199999999994,261.479,137.698,342.112,508.755,32.9678,357.53,0.701,88.458,-42.052,31.344,7.861,0.12,3781.988,44.937,342.958,C=CCCCC at 298K
4,C/C=C/CCC,84.16199999999994,252.657,156.908,344.658,517.075,32.0435,355.68,0.696,79.482,-51.31,31.935,9.994,0.121,3772.73,44.827,342.538,C/C=C/CCC at 298K
5,C=C(C)CC,70.13499999999998,237.069,122.941,295.238,464.038,36.8274,294.76,0.681,66.491,-34.9,26.564,5.097,0.103,3151.8,44.939,342.966,C=C(C)CC at 298K
6,CC=C(C)C,70.13499999999998,239.192,146.125,307.438,473.527,36.1674,293.9,0.681,61.407,-43.024,26.784,6.817,0.103,3143.676,44.823,342.523,CC=C(C)C at 298K
7,CC(C)=C(C)C,84.16199999999994,245.458,168.46,343.596,527.595,30.3746,371.92,0.726,68.391,-68.65,32.524,6.491,0.116,3755.39,44.621,341.75,CC(C)=C(C)C at 298K
8,C=C=CC,54.09200000000001,184.881,145.081,276.314,454.35,42.8264,219.64,0.66,197.781,157.313,28.928,6.054,0.082,2464.843,45.568,352.119,C=C=CC at 298K
9,C=C=C(C)C,68.11899999999999,219.741,185.227,309.541,492.174,37.1416,291.08,0.668,197.117,120.066,25.09,8.225,0.102,3064.936,44.994,348.479,C=C=C(C)C at 298K
10,CC=C=CC,68.11899999999999,219.741,106.966,148.064,155.873,52.4859,142.66,0.674,-32.732,-93.126,25.09,1.208,0.101,2851.744,41.864,336.139,CC=C=CC at 298K
11,C#CCCC,68.11899999999999,266.105,181.472,318.012,487.158,42.2723,273.43,0.71,214.325,145.768,28.025,3.735,0.096,3090.638,45.371,349.935,C#CCCC at 298K
12,CCC#CCCCCCC,138.25400000000005,284.668,220.769,461.328,644.034,23.5711,560.24,0.79,233.547,22.279,53.84,22.571,0.175,6153.849,44.511,343.897,CCC#CCCCCCC at 298K
13,c1ccccc1,78.11399999999996,262.308,191.998,362.636,566.36,48.8857,286.13,0.93,128.046,79.927,35.018,7.365,0.084,3178.477,40.69,340.061,c1ccccc1 at 298K
14,c1ccc2ccccc2c1,128.17399999999995,353.145,296.035,510.61,738.167,39.3597,450.52,0.964,225.993,163.895,58.199,13.698,0.133,5086.315,39.683,339.025,c1ccc2ccccc2c1 at 298K
15,c1ccc2c(c1)CCC2,118.17899999999993,279.869,274.332,465.114,711.358,39.5576,348.36,1.074,174.37,45.011,46.468,10.544,0.11,4813.751,40.733,338.521,c1ccc2c(c1)CCC2 at 298K
16,O=C(c1ccccc1)c1ccccc1,182.22200000000007,439.977,322.732,574.822,815.883,32.705,542.4,1.191,164.832,59.0,80.615,17.633,0.153,,,,O=C(c1ccccc1)c1ccccc1 at 298K
17,c1ccncc1,79.10199999999998,293.131,236.929,379.694,608.095,56.7546,264.67,1.027,193.011,134.783,42.723,10.466,0.077,,,,c1ccncc1 at 298K
18,Cc1ccccc1,92.14099999999995,286.978,209.309,390.402,597.397,42.3273,340.77,0.895,124.12,47.33,37.914,9.015,0.103,3783.22,41.059,339.39,Cc1ccccc1 at 298K
19,CCc1ccccc1,106.16799999999994,301.399,189.374,414.654,628.358,36.9168,382.33,0.892,131.65,28.343,41.529,9.441,0.119,4401.573,41.459,339.433,CCc1ccccc1 at 298K
20,CC(C)c1ccccc1,120.19499999999992,311.497,203.471,424.638,638.021,33.6583,441.21,0.871,136.522,0.179,45.129,9.778,0.138,5010.749,41.688,339.15,CC(C)c1ccccc1 at 298K
21,CC(C)(C)c1ccccc1,134.222,333.235,214.325,438.387,658.899,29.2072,488.39,0.866,147.943,-23.072,47.701,9.421,0.155,5624.838,41.907,339.082,CC(C)(C)c1ccccc1 at 298K
22,C=Cc1ccccc1,104.15199999999994,304.522,216.095,419.607,638.778,39.1633,351.51,0.922,214.119,145.145,30.92,10.94,0.113,4276.545,41.061,341.608,C=Cc1ccccc1 at 298K
23,C/C=C\c1ccccc1,118.17899999999993,320.084,255.209,456.682,679.273,32.7423,405.32,0.923,210.331,115.31,38.249,12.303,0.128,4884.05,41.328,340.985,C/C=C\c1ccccc1 at 298K
24,C=C(C)c1ccccc1,118.17899999999993,313.147,231.662,438.529,654.448,33.3103,398.93,0.916,217.02,118.3,38.249,11.917,0.129,4887.04,41.353,341.088,C=C(C)c1ccccc1 at 298K
25,C#Cc1ccccc1,102.13599999999995,304.145,228.236,416.143,650.004,42.7147,331.96,0.955,362.148,327.3,30.92,9.43,0.107,4216.87,41.287,346.656,C#Cc1ccccc1 at 298K
26,CC#Cc1ccccc1,116.16299999999994,276.684,317.936,463.369,543.461,45.3987,304.86,0.848,87.688,-3.439,32.534,7.063,0.137,4523.471,38.941,334.409,CC#Cc1ccccc1 at 298K
27,OCCCCO,90.12199999999994,401.434,286.535,469.5,662.351,51.3651,286.84,1.06,-282.564,-425.016,78.349,17.243,0.085,,,,OCCCCO at 298K
28,Oc1ccccc1,94.11299999999996,345.453,305.31,447.107,682.797,60.613,281.55,1.057,-32.587,-98.67,66.576,15.04,0.089,,,,Oc1ccccc1 at 298K
29,O=C(O)CCCC(=O)O,132.115,400.912,400.602,538.074,785.862,35.4406,384.15,1.308,-744.187,-900.198,57.248,18.414,0.101,,,,O=C(O)CCCC(=O)O at 298K
30,O=C(O)c1ccccc1,122.12299999999995,395.737,415.486,506.638,737.777,41.5146,354.5,0.985,-239.989,-326.958,31.99,25.771,0.124,,,,O=C(O)c1ccccc1 at 298K
31,CCC(C)=O,72.10699999999996,271.086,204.419,348.485,532.087,42.6035,260.01,0.819,-147.1,-239.496,31.766,9.125,0.088,,,,CCC(C)=O at 298K
32,CCC(=O)CC,86.13399999999996,291.377,221.969,362.017,551.023,37.5057,321.7,0.82,-138.252,-259.426,35.201,11.972,0.105,,,,CCC(=O)CC at 298K
33,CC(C)C(=O)C(C)C,114.18799999999992,264.682,210.163,387.695,575.432,29.7499,415.96,0.816,-132.446,-311.4,38.301,11.269,0.14,,,,CC(C)C(=O)C(C)C at 298K
34,CC(C)(C)C(=O)C(C)(C)C,142.2420000000001,292.73,255.933,420.215,458.249,28.4055,434.49,0.745,-57.444,-332.423,42.586,5.511,0.191,,,,CC(C)(C)C(=O)C(C)(C)C at 298K
35,CC(=O)c1ccccc1,120.15099999999994,350.059,267.745,470.666,710.174,38.1088,385.88,1.027,7.861,-89.37,55.383,11.355,0.117,,,,CC(=O)c1ccccc1 at 298K
36,CCCCCC=O,100.16099999999993,301.288,227.462,409.889,592.971,34.4917,364.61,0.842,-99.429,-248.451,44.05,20.15,0.119,,,,CCCCCC=O at 298K
37,O=Cc1ccccc1,106.12399999999995,335.145,265.717,451.983,688.556,43.1641,339.76,1.166,18.858,-38.735,30.92,14.409,0.091,,,,O=Cc1ccccc1 at 298K
38,CCCCOC(C)=O,116.15999999999993,298.85,201.035,407.111,580.766,31.1923,394.5,0.907,-310.79,-483.589,46.616,14.477,0.128,,,,CCCCOC(C)=O at 298K
39,CCCC(=O)OC,102.13299999999994,274.062,169.108,370.337,555.344,35.525,334.32,0.904,-319.486,-463.441,39.475,12.037,0.113,,,,CCCC(=O)OC at 298K
40,CCOC(=O)C(C)C,116.15999999999993,295.782,188.313,386.33,562.104,30.9504,394.21,0.887,-319.973,-494.87,41.743,14.254,0.131,,,,CCOC(=O)C(C)C at 298K
41,CCOC(=O)C(C)(C)C,130.18699999999995,284.225,187.127,388.522,365.346,35.4827,332.84,0.862,-69.72,-277.009,41.355,6.913,0.151,,,,CCOC(=O)C(C)(C)C at 298K
42,CCCOC=O,88.10599999999997,272.803,185.847,357.206,540.203,42.2175,283.1,0.927,-293.485,-407.255,37.139,12.497,0.095,,,,CCCOC=O at 298K
43,COC(=O)c1ccccc1,136.15000000000006,331.627,245.538,465.874,673.249,36.4732,393.5,1.072,-188.726,-286.3,55.553,12.228,0.127,,,,COC(=O)c1ccccc1 at 298K
44,O=COc1ccccc1,122.12299999999995,243.593,165.726,318.006,533.237,52.1834,240.88,1.696,108.122,80.6,30.92,5.921,0.072,,,,O=COc1ccccc1 at 298K
45,CC(=O)Oc1ccccc1,136.15000000000006,276.684,291.379,463.298,685.704,35.6521,435.93,1.125,87.688,-3.439,32.534,14.479,0.121,,,,CC(=O)Oc1ccccc1 at 298K
46,C=CC(=O)OCC,100.11699999999996,294.044,193.928,376.807,550.661,38.6307,324.06,0.927,-239.817,-344.745,33.22,13.44,0.108,,,,C=CC(=O)OCC at 298K
47,CCCCOC,88.14999999999993,270.589,167.742,353.602,516.101,35.0233,331.91,0.773,-100.164,-257.393,33.906,12.255,0.114,,,,CCCCOC at 298K
48,CCCCOCCCC,130.23099999999994,306.076,187.28,426.416,590.344,24.7546,501.65,0.785,-93.066,-335.094,46.489,18.703,0.166,,,,CCCCOCCCC at 298K
49,CCC(C)OC(C)CC,130.23099999999994,267.784,158.744,396.481,556.801,22.1556,485.89,0.766,-106.897,-354.833,42.543,13.466,0.17,,,,CCC(C)OC(C)CC at 298K
50,CC(C)(C)OC(C)(C)C,130.23099999999994,292.73,186.496,375.396,543.757,23.2326,486.93,0.775,-94.994,-362.0,37.322,8.466,0.168,,,,CC(C)(C)OC(C)(C)C at 298K
51,COc1ccccc1,108.13999999999994,279.015,238.592,427.562,635.258,41.196,336.32,1.03,17.665,-69.275,46.561,8.341,0.105,,,,COc1ccccc1 at 298K
52,CCN,45.085000000000015,241.733,203.478,283.638,479.598,57.184,195.52,0.727,35.113,-49.271,26.147,12.245,0.062,,,,CCN at 298K
53,CCC(C)N,73.13899999999995,245.901,524.565,330.552,513.241,40.0589,270.96,0.746,40.85,-102.089,33.033,8.724,0.098,,,,CCC(C)N at 298K
54,CC(C)(C)N,73.13899999999995,239.724,376.725,320.113,479.428,38.1088,292.96,0.71,28.402,-119.87,29.622,3.12,0.103,,,,CC(C)(C)N at 298K
55,CNC,45.085000000000015,238.109,180.31,261.287,446.715,50.3512,173.05,0.704,72.807,-16.084,25.454,3.061,0.064,,,,CNC at 298K
56,CCCNCCC,101.19299999999993,273.654,214.754,386.345,564.133,29.1444,410.59,0.755,85.225,-117.488,40.42,16.658,0.134,,,,CCCNCCC at 298K
57,CC(C)NC(C)C,101.19299999999993,266.151,201.801,355.62,522.341,31.5781,417.96,0.733,57.454,-150.0,34.588,6.619,0.138,,,,CC(C)NC(C)C at 298K
58,CCN(C)CC,87.16599999999993,287.595,156.003,339.264,516.867,32.7423,346.91,0.726,105.94,-69.57,36.556,11.895,0.12,,,,CCN(C)CC at 298K
59,CCN(CC)CC,101.19299999999991,258.151,129.201,354.408,522.171,25.8715,402.44,0.744,104.987,-105.879,33.278,9.711,0.136,,,,CCN(CC)CC at 298K
60,Nc1ccccc1,93.12899999999995,361.832,290.283,459.309,698.632,50.7098,309.33,0.95,166.42,84.266,52.601,11.973,0.098,,,,Nc1ccccc1 at 298K
61,CNc1ccccc1,107.15599999999993,331.329,257.936,457.62,699.326,47.0293,378.37,0.992,198.434,98.808,48.282,9.533,0.108,,,,CNc1ccccc1 at 298K
62,CN(C)c1ccccc1,121.18299999999992,335.663,262.105,461.101,669.392,35.8654,464.89,0.872,247.115,82.64,52.803,11.438,0.139,,,,CN(C)c1ccccc1 at 298K
63,NC1CCC1,71.12299999999996,268.227,237.479,350.645,563.709,50.3512,256.37,0.9,64.825,-46.358,36.32,9.478,0.079,,,,NC1CCC1 at 298K
64,C/C=N/N=C/C,84.12199999999996,216.204,431.946,343.199,141.55,54.5174,142.59,1.402,-32.367,-84.112,13.661,0.985,0.06,,,,C/C=N/N=C/C at 298K
65,CC(C)=NN=C(C)C,112.17599999999993,282.385,252.406,406.149,267.476,41.408,270.56,1.039,-73.236,-252.19,16.889,3.269,0.108,,,,CC(C)=NN=C(C)C at 298K
66,CCC#N,55.08000000000001,281.425,178.334,367.233,599.604,43.6206,226.08,0.81,101.013,53.594,33.948,6.613,0.068,,,,CCC#N at 298K
67,CC(C)C#N,69.10699999999997,216.223,176.885,373.929,572.425,37.8287,277.98,0.794,103.801,25.39,37.12,10.672,0.087,,,,CC(C)C#N at 298K
68,CC(C)(C)C#N,83.13399999999996,283.029,231.324,370.019,552.426,31.9712,329.52,0.763,93.095,-45.044,37.331,7.286,0.109,,,,CC(C)(C)C#N at 298K
69,N#Cc1ccccc1,103.12399999999995,243.593,305.287,467.667,703.368,42.1082,338.96,1.011,261.118,232.432,30.92,10.86,0.102,,,,N#Cc1ccccc1 at 298K
70,C=CC#N,53.06400000000001,273.149,216.667,346.947,537.37,47.4834,217.71,0.842,182.911,188.808,34.244,5.003,0.063,,,,C=CC#N at 298K
71,CCN=C=O,71.07899999999997,183.113,0.0,327.257,15.623,63.543,78.6,0.935,-11.933,-0.073,12.047,-0.157,0.076,,,,CCN=C=O at 298K
72,CC(C)N=C=O,85.10599999999997,216.223,73.482,347.652,138.431,54.1176,149.46,1.373,-33.354,-86.947,13.428,2.473,0.062,,,,CC(C)N=C=O at 298K
73,CC(C)(C)N=C=O,99.13299999999995,239.724,358.657,253.034,194.716,45.7674,212.02,1.127,-57.473,-172.32,16.755,3.12,0.088,,,,CC(C)(C)N=C=O at 298K
74,O=C=Nc1ccccc1,119.12299999999995,243.593,252.236,440.464,650.712,40.3132,375.7,1.135,116.248,51.4,30.92,5.921,0.105,,,,O=C=Nc1ccccc1 at 298K
75,CCC[N+](=O)[O-],89.09399999999997,310.855,194.329,404.63,610.949,44.3781,290.43,1.036,-3.745,-123.314,46.394,12.534,0.086,,,,CCC[N+](=O)[O-] at 298K
76,CC(C)[N+](=O)[O-],89.09399999999997,297.15,133.132,382.548,593.741,44.4963,288.0,1.024,-12.822,-133.166,41.33,2.473,0.087,,,,CC(C)[N+](=O)[O-] at 298K
77,CC(C)(C)[N+](=O)[O-],103.12099999999995,239.724,309.772,391.131,194.716,45.7674,212.02,0.742,-57.473,-176.565,-22.362,-0.656,0.139,,,,CC(C)(C)[N+](=O)[O-] at 298K
78,O=[N+]([O-])c1ccccc1,123.11099999999996,363.958,293.879,481.089,719.704,44.026,362.32,1.195,151.904,49.391,55.004,14.314,0.103,,,,O=[N+]([O-])c1ccccc1 at 298K
79,O=[N+]([O-])C1CCCCC1,129.15899999999996,372.454,243.182,461.971,700.535,41.1433,297.14,1.113,53.133,-128.794,59.984,9.949,0.116,,,,O=[N+]([O-])C1CCCCC1 at 298K
80,CCCCON=O,103.12099999999995,217.345,71.75,362.056,443.252,41.2489,249.09,1.199,12.63,-62.025,26.451,7.798,0.086,,,,CCCCON=O at 298K
81,CCCCO[N+](=O)[O-],119.11999999999995,217.345,206.669,413.337,443.252,41.2489,249.09,1.045,12.63,-195.922,26.451,16.279,0.114,,,,CCCCO[N+](=O)[O-] at 298K
82,CCN(C=O)CC,101.14899999999993,216.204,59.479,450.651,141.55,54.5174,142.59,1.686,-32.367,-84.112,50.313,0.985,0.06,,,,CCN(C=O)CC at 298K
83,CCNC=O,73.09499999999996,183.113,0.0,471.149,15.623,63.543,78.6,2.03,-11.933,-0.073,58.443,-0.157,0.036,,,,CCNC=O at 298K
84,CCCC(N)=O,87.12199999999996,205.934,372.136,488.813,779.134,48.7495,328.69,1.037,-142.812,-278.072,21.65,21.046,0.084,,,,CCCC(N)=O at 298K
85,CNC(C)=O,73.09499999999996,183.113,287.406,400.799,718.002,49.9963,267.03,0.988,-134.588,-240.0,60.037,16.332,0.074,,,,CNC(C)=O at 298K
86,CCNC(C)=O,87.12199999999994,216.204,265.694,471.656,141.55,54.5174,142.59,1.452,-32.367,-263.379,65.076,0.985,0.06,,,,CCNC(C)=O at 298K
87,CC(=O)N(C)C,87.12199999999996,336.15,215.86,425.04,657.998,40.5699,321.03,0.979,-88.088,-225.0,50.243,10.442,0.089,,,,CC(=O)N(C)C at 298K
88,CCN(C)C(C)=O,101.14899999999993,216.204,170.271,149.742,141.55,54.5174,142.59,1.686,-32.367,-84.112,13.661,0.985,0.06,,,,CCN(C)C(C)=O at 298K
89,CCN(CC)C(C)=O,115.17599999999992,249.294,215.276,444.584,215.212,47.288,206.57,1.371,-52.802,-168.151,54.093,2.127,0.084,,,,CCN(CC)C(C)=O at 298K
90,CC(=O)NC(C)=O,101.10499999999996,216.204,342.683,496.652,141.55,54.5174,142.59,1.685,-32.367,-84.112,13.661,0.985,0.06,,,,CC(=O)NC(C)=O at 298K
91,CC(=O)N(C)C(C)=O,115.13199999999995,249.294,248.164,468.152,215.212,47.288,206.57,1.371,-52.802,-168.151,49.135,2.127,0.084,,,,CC(=O)N(C)C(C)=O at 298K
92,NC(=O)c1ccccc1,121.13899999999995,243.593,416.471,563.145,533.237,52.1834,240.88,1.132,108.122,-96.32,30.92,23.75,0.107,,,,NC(=O)c1ccccc1 at 298K
93,O=CNc1ccccc1,121.13899999999994,243.593,328.3,546.718,787.004,41.0907,381.96,1.122,54.348,-55.2,30.92,15.59,0.108,,,,O=CNc1ccccc1 at 298K
94,CN(C=O)c1ccccc1,135.16600000000005,276.684,289.804,519.075,543.461,45.3987,304.86,1.408,87.688,-3.439,32.534,7.063,0.096,,,,CN(C=O)c1ccccc1 at 298K
95,CNC(=O)c1ccccc1,135.16600000000005,276.684,357.331,564.146,543.461,45.3987,304.86,1.408,87.688,-3.439,32.534,23.228,0.096,,,,CNC(=O)c1ccccc1 at 298K
96,CC(=O)Nc1ccccc1C,149.1930000000001,368.701,371.431,573.963,574.034,38.1558,372.34,1.066,86.526,-32.976,37.104,10.504,0.14,,,,CC(=O)Nc1ccccc1C at 298K
97,CC(=O)N(C)c1ccccc1,149.1930000000001,309.775,349.377,417.73,553.141,39.8573,368.85,1.243,67.253,-87.478,34.148,8.205,0.12,,,,CC(=O)N(C)c1ccccc1 at 298K
98,CNC(=O)NC,88.10999999999996,216.204,348.5,149.742,141.55,54.5174,142.59,1.468,-32.367,-84.112,13.661,10.39,0.06,,,,CNC(=O)NC at 298K
99,CNC(N)=O,74.08299999999997,183.113,390.143,0.0,15.623,63.543,78.6,2.058,-11.933,-0.073,12.047,13.512,0.036,,,,CNC(N)=O at 298K
100,CN(C)C(N)=O,88.10999999999996,216.204,371.539,149.742,141.55,54.5174,142.59,1.468,-32.367,-84.112,13.661,11.505,0.06,,,,CN(C)C(N)=O at 298K
101,CNC(=O)N(C)C,102.13699999999994,249.294,334.723,505.651,215.212,47.288,206.57,1.216,-52.802,-168.151,15.275,14.351,0.084,,,,CNC(=O)N(C)C at 298K
102,CN(C)C(=O)N(C)C,116.16399999999993,282.385,271.968,449.651,267.476,41.408,270.56,1.076,-73.236,-205.57,16.889,13.49,0.108,,,,CN(C)C(=O)N(C)C at 298K
103,NC(=O)Nc1ccccc1,136.15400000000005,243.593,445.201,511.145,533.237,52.1834,240.88,1.891,108.122,80.6,30.92,23.64,0.072,,,,NC(=O)Nc1ccccc1 at 298K
104,O=C(Nc1ccccc1)Nc1ccccc1,212.25200000000007,366.602,504.49,535.14,739.974,38.4397,490.55,1.527,244.343,126.719,57.766,34.58,0.139,,,,O=C(Nc1ccccc1)Nc1ccccc1 at 298K
105,CC(=O)NCl,93.51299999999998,216.454,263.745,201.523,335.862,59.8659,135.3,1.732,-66.396,-88.672,63.629,4.358,0.054,,,,CC(=O)NCl at 298K
106,CCCCCl,92.56899999999996,267.417,171.823,358.839,544.068,39.4585,300.54,0.917,-40.7,-151.422,34.11,9.176,0.101,,,,CCCCCl at 298K
107,CC(C)Cl,78.54199999999997,247.964,147.938,298.325,475.973,44.6151,250.23,0.882,-62.145,-146.53,24.3,2.473,0.089,,,,CC(C)Cl at 298K
108,CC(C)(C)Cl,92.56899999999996,239.724,180.574,315.785,451.279,38.6786,299.96,0.865,-64.648,-184.77,24.9,2.186,0.107,,,,CC(C)(C)Cl at 298K
109,CC(Cl)Cl,98.95999999999998,271.945,169.793,318.119,525.232,47.8778,235.15,1.222,-61.577,-120.368,29.33,6.1,0.081,,,,CC(Cl)Cl at 298K
110,CC(C)(Cl)Cl,112.98699999999998,216.204,224.768,337.772,141.55,54.5174,142.59,1.883,-32.367,-84.112,32.633,2.382,0.06,,,,CC(C)(Cl)Cl at 298K
111,CC(Cl)(Cl)Cl,133.40500000000003,183.113,233.173,341.027,544.996,43.2208,281.03,1.361,-75.798,-142.3,29.997,2.383,0.098,,,,CC(Cl)(Cl)Cl at 298K
112,CCCCF,76.11399999999996,205.934,158.998,313.096,488.324,40.2112,277.69,0.81,-195.512,-305.701,30.449,11.336,0.094,,,,CCCCF at 298K
113,CCC(C)F,76.11399999999996,227.614,67.6,216.498,434.061,71.0258,199.42,0.793,-24.18,-104.763,18.462,3.636,0.096,,,,CCC(C)F at 298K
114,CC(C)(C)F,76.11399999999996,239.724,110.804,253.034,194.716,45.7674,212.02,0.865,-57.473,-172.32,16.755,3.12,0.088,,,,CC(C)(C)F at 298K
115,CC(F)F,66.05,183.113,141.537,230.657,362.172,47.2231,167.12,0.93,-442.888,-500.8,21.462,5.903,0.071,,,,CC(F)F at 298K
116,FC(F)(F)C(F)(F)C(F)(F)C(F)(F)C(F)(F)C(F)(F)F,338.03799999999995,150.022,189.119,328.091,447.032,18.7113,601.06,1.725,-1252.667,-1333.359,30.176,4.124,0.196,,,,FC(F)(F)C(F)(F)C(F)(F)C(F)(F)C(F)(F)C(F)(F)F at 298K
117,FC(F)(F)C(F)(F)F,138.01000000000002,150.022,120.62,195.64,151.397,26.8705,223.76,1.453,-1252.667,-1333.359,14.168,4.124,0.095,,,,FC(F)(F)C(F)(F)F at 298K
118,FC(Cl)(Cl)C(F)(Cl)Cl,203.83,150.022,273.507,360.299,530.704,40.0589,349.41,1.618,-535.897,-598.159,25.665,3.809,0.126,,,,FC(Cl)(Cl)C(F)(Cl)Cl at 298K
119,FC(Cl)C(F)(F)F,136.47500000000002,150.022,124.395,263.065,25.47,42.0537,119.19,1.467,-622.083,-624.696,23.169,1.413,0.093,,,,FC(Cl)C(F)(F)F at 298K
120,FC(F)(Cl)C(F)(F)Cl,170.92000000000002,150.022,184.66,270.181,430.013,29.9451,300.66,1.401,-824.858,-920.422,30.622,1.129,0.122,,,,FC(F)(Cl)C(F)(F)Cl at 298K
121,Clc1ccccc1,112.55899999999995,308.782,236.164,409.659,649.485,45.0345,317.59,1.149,99.324,53.161,41.104,11.325,0.098,,,,Clc1ccccc1 at 298K
122,Fc1c(F)c(F)c(F)c(F)c1F,186.05399999999997,150.022,246.424,345.275,516.943,32.7423,330.9,1.646,-1052.92,-956.0,36.29,9.759,0.113,,,,Fc1c(F)c(F)c(F)c(F)c1F at 298K
123,Ic1ccccc1,204.01000000000002,243.593,253.378,462.301,721.153,45.0949,350.96,1.889,190.448,164.9,30.92,9.73,0.108,,,,Ic1ccccc1 at 298K
124,Brc1ccccc1,157.01000000000002,324.256,253.261,434.696,652.493,47.68,317.75,1.539,142.054,108.783,44.534,12.558,0.102,,,,Brc1ccccc1 at 298K
125,CCI,155.96600000000004,194.523,178.526,348.479,562.429,53.2535,236.1,2.026,29.817,-0.727,31.212,7.844,0.077,,,,CCI at 298K
126,CCBr,108.96599999999997,267.376,162.739,308.606,506.729,58.2347,209.63,1.473,-19.966,-62.201,26.656,5.611,0.074,,,,CCBr at 298K
127,FCc1ccccc1,110.13099999999994,299.81,210.548,415.606,661.129,34.7764,326.34,1.02,-59.461,-181.919,36.566,13.628,0.108,,,,FCc1ccccc1 at 298K
128,CCOC(=O)CCl,122.55099999999996,274.312,195.903,392.701,587.896,38.2974,327.03,1.145,-353.514,-468.0,43.879,15.41,0.107,,,,CCOC(=O)CCl at 298K
129,CC/C=N\O,73.09499999999997,194.523,235.55,405.809,275.267,54.4371,135.43,0.975,-3.745,-20.724,16.848,2.494,0.075,,,,CC/C=N\O at 298K
130,CC(C)=NO,73.09499999999997,216.204,248.447,391.725,141.55,54.5174,142.59,1.218,-32.367,-84.112,13.661,0.985,0.06,,,,CC(C)=NO at 298K
131,O/N=C/c1ccccc1,121.13899999999994,243.593,365.327,318.006,533.237,52.1834,240.88,1.682,108.122,80.6,30.92,5.921,0.072,,,,O/N=C/c1ccccc1 at 298K
132,CCOCCO,90.12199999999994,325.795,179.769,409.061,578.522,42.2723,291.29,0.959,-260.542,-406.258,48.055,9.337,0.094,,,,CCOCCO at 298K
133,CCOC(C)CO,104.14899999999993,227.614,366.802,419.236,314.275,47.2231,199.42,0.906,-24.18,-104.763,18.462,3.636,0.115,,,,CCOC(C)CO at 298K
134,COCC(C)O,90.12199999999994,219.448,177.827,375.976,530.439,41.6752,293.24,0.91,-265.504,-411.077,14.729,13.707,0.099,,,,COCC(C)O at 298K
135,CC(C)(C)OO,90.12199999999994,224.834,257.861,401.754,548.937,43.5058,290.03,0.929,8.53,-243.0,21.673,1.092,0.097,,,,CC(C)(C)OO at 298K
136,CCS,62.137000000000015,249.586,155.426,307.34,517.584,53.3312,184.62,0.888,-4.989,-46.623,27.156,8.215,0.07,,,,CCS at 298K
137,CC(C)S,76.16399999999996,216.223,116.635,322.845,516.606,47.4834,254.0,0.837,-2.202,-75.9,29.199,5.541,0.091,,,,CC(C)S at 298K
138,CC(C)(C)S,90.19099999999995,239.724,278.593,339.276,526.538,40.3132,306.96,0.82,0.532,-109.3,31.556,2.576,0.11,,,,CC(C)(C)S at 298K
139,Sc1ccccc1,110.18099999999995,243.593,262.711,446.187,689.003,47.288,334.98,1.113,147.849,111.5,47.553,11.44,0.099,,,,Sc1ccccc1 at 298K
140,SC1CCCCC1,116.22899999999993,247.417,237.551,434.601,663.996,39.6073,365.57,0.977,36.653,-96.02,44.857,9.954,0.119,,,,SC1CCCCC1 at 298K
141,CSC,62.137000000000015,239.0,138.736,301.339,498.812,52.4859,196.52,0.863,0.279,-40.475,26.336,6.501,0.072,,,,CSC at 298K
142,CCSCC,90.19099999999995,227.614,142.896,361.364,564.958,39.409,307.63,0.851,10.249,-91.801,34.216,7.46,0.106,,,,CCSCC at 298K
143,CC(C)SC(C)C,118.24499999999992,264.682,173.255,391.191,398.184,35.8226,321.57,0.616,-41.932,-220.206,38.866,5.32,0.192,,,,CC(C)SC(C)C at 298K
144,CC(C)(C)SC(C)(C)C,146.29900000000015,292.73,246.572,422.256,458.249,28.4055,434.49,0.831,-57.444,-332.423,43.237,5.511,0.176,,,,CC(C)(C)SC(C)(C)C at 298K
145,CSc1ccccc1,124.20799999999994,276.684,229.105,453.297,705.904,40.2112,304.86,0.97,87.688,-3.439,32.534,7.063,0.128,,,,CSc1ccccc1 at 298K
146,CS(C)=O,78.13599999999997,361.0,276.675,462.149,729.003,56.4146,227.0,1.056,-81.459,-150.46,13.661,13.982,0.074,,,,CS(C)=O at 298K
147,CS(C)(=O)=O,94.13499999999996,216.204,298.422,473.081,711.94,52.0332,231.86,1.121,-287.444,-385.797,13.661,18.322,0.084,,,,CS(C)(=O)=O at 298K
148,COS(=O)OC,110.13399999999996,216.204,59.479,380.942,578.141,49.1599,259.34,1.21,-32.367,-510.599,13.661,0.985,0.091,,,,COS(=O)OC at 298K
149,COS(C)(=O)=O,110.13399999999996,216.204,289.364,471.303,141.55,54.5174,142.59,0.958,-32.367,-84.112,13.661,0.985,0.115,,,,COS(C)(=O)=O at 298K
150,COS(=O)(=O)OC,126.13299999999995,355.24,240.343,437.908,721.007,75.93,288.67,1.342,-549.194,-701.0,13.661,0.985,0.094,,,,COS(=O)(=O)OC at 298K
151,CS(=O)c1ccccc1,140.20700000000008,276.684,314.253,536.646,543.461,45.3987,304.86,1.46,87.688,-3.439,32.534,7.063,0.096,,,,CS(=O)c1ccccc1 at 298K
152,O=S(=O)(c1ccccc1)c1ccccc1,218.27700000000004,366.602,373.559,513.983,739.974,38.4397,610.51,1.57,-62.108,-219.063,57.766,16.69,0.139,,,,O=S(=O)(c1ccccc1)c1ccccc1 at 298K
153,CPC,62.052000000000014,216.204,59.479,149.742,141.55,54.5174,142.59,1.034,-32.367,-84.112,13.661,0.985,0.06,,,,CPC at 298K
154,CP(C)C,76.07899999999995,249.294,122.468,304.908,215.212,47.288,206.57,0.739,-52.802,-168.151,15.275,2.127,0.103,,,,CP(C)C at 298K
155,CCOP(OCC)OCC,166.15700000000012,283.527,165.626,449.97,474.856,32.4085,377.06,1.24,-28.239,-230.103,29.679,10.082,0.134,,,,CCOP(OCC)OCC at 298K
156,CO[PH](=O)OC,110.04899999999995,216.204,0.0,443.65,141.55,54.5174,142.59,1.834,-32.367,-84.112,13.661,0.985,0.06,,,,CO[PH](=O)OC at 298K
157,COP(C)(=O)OC,124.07599999999994,249.294,146.595,423.634,215.212,47.288,206.57,1.477,-52.802,-168.151,15.275,2.127,0.084,,,,COP(C)(=O)OC at 298K
158,CCOP(=O)(O)OCC,154.1020000000001,239.025,215.483,268.895,401.194,41.3018,256.24,1.657,-15.992,-125.413,23.264,6.288,0.093,,,,CCOP(=O)(O)OCC at 298K
159,COP(=O)(OC)OC,140.07500000000007,337.769,206.48,408.61,719.845,47.288,297.74,1.218,-52.802,-1182.748,15.275,2.127,0.115,,,,COP(=O)(OC)OC at 298K
160,O=P(Oc1ccccc1)(Oc1ccccc1)Oc1ccccc1,326.2879999999998,496.836,318.871,621.411,834.174,29.4927,740.23,1.222,380.565,-757.3,84.612,29.551,0.267,,,,O=P(Oc1ccccc1)(Oc1ccccc1)Oc1ccccc1 at 298K
161,c1ccc(P(c2ccccc2)c2ccccc2)cc1,262.2919999999999,489.61,352.842,621.411,1007.959,29.4927,553.89,1.088,380.565,320.2,84.612,19.631,0.241,,,,c1ccc(P(c2ccccc2)c2ccccc2)cc1 at 298K
162,CCOC(=O)OCC,118.13199999999993,239.025,227.966,403.921,592.212,34.5727,360.33,1.018,-450.344,-639.1,43.594,17.355,0.116,,,,CCOC(=O)OCC at 298K
163,CCC1CO1,72.10699999999996,275.333,133.635,344.407,529.419,44.0844,258.03,0.869,-12.237,-110.0,32.137,2.293,0.083,,,,CCC1CO1 at 298K
164,CC1(C)CO1,72.10699999999996,258.15,0.0,315.752,524.668,46.5818,339.02,-1.534,-27.106,-130.8,15.25,-5.09,-0.047,,,,CC1(C)CO1 at 298K
165,CC1OC1(C)C,86.13399999999994,234.534,87.693,234.059,215.955,43.2208,208.68,-1.723,-28.56,-127.962,17.11,-3.672,-0.05,,,,CC1OC1(C)C at 298K
166,C1CCCC1,70.13499999999998,239.83,140.785,311.75,526.653,44.7941,258.32,0.762,52.148,-62.389,28.883,3.653,0.092,3124.311,44.547,341.467,C1CCCC1 at 298K
167,CC1CCCC1,84.16199999999994,249.268,150.947,340.984,544.548,37.9217,310.64,0.772,42.411,-103.175,31.948,4.966,0.109,3720.865,44.211,340.177,CC1CCCC1 at 298K
168,CC1(C)CCCCC1,112.21599999999991,280.245,204.695,395.923,580.234,30.576,429.36,0.785,41.44,-160.797,37.136,1.999,0.143,4937.923,44.004,339.379,CC1(C)CCCCC1 at 298K
169,C1=CCC1,54.09200000000001,212.931,119.267,252.607,475.887,52.41,195.92,0.784,101.07,62.496,25.253,1.694,0.069,2370.026,43.815,345.28,C1=CCC1 at 298K
170,CC1=CCCC1,82.14599999999994,250.027,154.008,336.444,549.663,40.6215,297.78,0.761,95.28,-33.47,29.604,7.439,0.108,3548.74,43.2,340.556,CC1=CCCC1 at 298K
171,CC1=C(C)CCC1,96.17299999999993,229.952,186.33,372.201,451.494,38.7748,284.85,0.829,28.93,-146.459,25.811,5.725,0.116,4073.091,42.352,336.567,CC1=C(C)CCC1 at 298K
172,C=C1CCCCC1,96.17299999999993,268.776,178.881,385.343,606.784,38.3922,343.75,0.776,52.148,-62.389,32.858,7.759,0.124,4157.161,43.226,340.022,C=C1CCCCC1 at 298K
173,C1CCNCC1,85.14999999999995,305.52,273.982,407.069,600.841,48.0104,306.32,0.887,119.545,-37.603,45.016,10.6,0.096,,,,C1CCNCC1 at 298K
174,CN1CCCC1,85.14999999999993,304.447,185.934,383.985,568.805,42.1082,304.75,0.878,109.194,-30.029,26.807,2.599,0.097,,,,CN1CCCC1 at 298K
175,c1c[nH]cn1,68.07899999999998,255.702,196.615,288.544,552.181,65.5099,174.16,1.285,153.162,136.129,34.528,7.578,0.053,,,,c1c[nH]cn1 at 298K
176,Cc1ncc[nH]1,82.10599999999997,280.373,245.288,296.801,585.519,55.4951,228.81,0.838,149.236,75.589,37.425,9.014,0.098,,,,Cc1ncc[nH]1 at 298K
177,C1CCOCC1,86.13399999999996,270.888,199.895,365.892,581.041,46.0781,274.63,0.916,-71.212,-209.54,35.453,6.852,0.094,,,,C1CCOCC1 at 298K
178,O=C1CCC1,70.09099999999997,287.165,230.625,359.686,690.657,56.2457,215.23,0.973,-134.959,-212.238,39.732,6.627,0.072,,,,O=C1CCC1 at 298K
179,Cc1cccs1,98.16999999999996,249.549,223.704,410.42,624.831,49.5058,289.44,1.103,67.415,44.469,42.883,10.628,0.089,,,,Cc1cccs1 at 298K
180,O=S1(=O)C=CC=C1,116.14099999999996,203.993,303.718,248.002,798.228,57.184,273.37,1.489,-105.569,-159.986,25.314,9.475,0.078,,,,O=S1(=O)C=CC=C1 at 298K
181,c1cscn1,85.13099999999999,255.702,248.914,400.57,634.067,68.128,213.33,1.33,136.306,131.923,47.692,12.079,0.064,,,,c1cscn1 at 298K
182,CCCC(C)C,86.17799999999993,254.393,127.224,330.552,489.776,32.0073,364.38,0.679,-4.135,-174.634,30.401,7.993,0.127,3891.236,45.153,339.75,CCCC(C)C at 298K
183,CC(C)(C)CC(C)(C)C,128.2589999999999,267.446,195.217,389.117,565.93,23.7547,516.37,0.721,16.747,-256.892,37.715,6.135,0.178,5720.998,44.605,338.981,CC(C)(C)CC(C)(C)C at 298K
184,CC(C)C(C)C(C)C,114.2319999999999,271.711,137.892,378.81,570.418,26.954,443.2,0.747,20.82,-209.627,37.779,1.743,0.153,5130.923,44.917,339.835,CC(C)C(C)C(C)C at 298K
185,CC(C(C)(C)C)C(C)(C)C,142.2860000000001,308.713,208.806,417.299,622.137,25.002,525.79,0.799,50.143,-256.711,41.645,2.535,0.178,6358.519,44.688,339.561,CC(C(C)(C)C)C(C)(C)C at 298K
186,CC(C)(C)C(C)(C)C(C)(C)C,156.31300000000022,328.63,280.337,431.798,660.282,25.3038,570.21,0.845,72.853,-273.536,53.024,6.803,0.185,6979.034,44.648,339.626,CC(C)(C)C(C)(C)C(C)(C)C at 298K
187,C=CC=C,54.09200000000001,227.074,136.803,271.437,434.327,43.9096,221.54,0.693,149.458,108.897,21.087,2.651,0.078,2416.427,44.673,348.644,C=CC=C at 298K
188,CC=C(C)C,70.13499999999998,239.192,146.125,307.438,473.527,36.1674,293.9,0.681,61.407,-43.024,26.784,6.817,0.103,3143.676,44.823,342.523,CC=C(C)C at 298K
189,C=CCC=C,68.11899999999999,249.701,114.033,296.466,471.761,37.8752,288.33,0.695,168.345,103.261,25.02,1.48,0.098,3048.131,44.747,347.521,C=CCC=C at 298K
190,C=CC(C)C,70.13499999999998,235.347,109.489,289.033,446.488,36.8721,293.15,0.662,77.828,-27.368,23.938,2.148,0.106,3159.332,45.046,343.374,C=CC(C)C at 298K
191,CCC(C)C=O,86.13399999999994,225.364,174.17,210.699,225.789,43.9096,220.76,1.09,-27.17,-107.51,18.462,-0.134,0.079,,,,CCC(C)C=O at 298K
192,CCCC(C)=O,86.13399999999994,282.497,214.41,380.389,562.924,37.5057,316.84,0.828,-138.912,-260.147,36.567,11.777,0.104,,,,CCCC(C)=O at 298K
193,CCC(C)C(C)=O,100.16099999999993,297.615,201.548,383.034,576.251,33.6194,363.79,0.835,-130.647,-280.945,40.924,11.688,0.12,,,,CCC(C)C(C)=O at 298K
194,CCC(C)(C)C(=O)O,116.15999999999993,358.18,311.255,463.228,647.156,34.7355,390.05,0.929,-325.686,-524.643,50.257,6.155,0.125,,,,CCC(C)(C)C(=O)O at 298K
195,CC(=O)OC(C)C,102.13299999999995,257.688,189.425,355.934,527.115,32.4453,337.9,0.888,-340.096,-487.947,37.263,10.818,0.115,,,,CC(=O)OC(C)C at 298K
196,CCC(=O)OC(=O)CC,130.14299999999997,334.108,206.366,438.538,626.803,32.4822,393.67,1.025,-461.294,-621.825,51.411,16.482,0.127,,,,CCC(=O)OC(=O)CC at 298K
197,CCC(C)O,74.12299999999995,300.775,220.698,360.748,534.005,44.3781,265.11,0.833,-166.374,-293.858,49.256,7.392,0.089,,,,CCC(C)O at 298K
198,CCC(C)(C)O,88.14999999999993,299.829,259.479,373.796,532.67,38.3447,328.02,0.824,-166.815,-334.763,50.035,6.106,0.107,,,,CCC(C)(C)O at 298K
199,CC(=O)C(C)O,88.10599999999995,340.771,261.409,413.115,606.932,50.9268,267.45,1.088,-270.397,-392.492,58.479,11.843,0.081,,,,CC(=O)C(C)O at 298K
200,CC(O)C#N,71.07899999999998,270.77,231.599,451.345,637.286,50.2088,243.02,1.03,-24.086,-63.9,59.709,12.544,0.069,,,,CC(O)C#N at 298K
201,CCOC(=O)C(C)O,118.13199999999993,319.15,231.57,434.435,624.919,38.0151,347.77,1.074,-460.401,-621.815,64.332,15.573,0.11,,,,CCOC(=O)C(C)O at 298K
202,OCCO,62.06800000000002,360.056,282.443,426.75,612.965,71.0258,190.73,1.108,-307.962,-394.413,62.345,13.034,0.056,,,,OCCO at 298K
203,CCC(N)CO,89.13799999999995,326.572,534.45,441.531,639.954,45.7057,301.06,0.929,-104.949,-265.719,60.191,14.813,0.096,,,,CCC(N)CO at 298K
204,NCCN,60.100000000000016,306.15,284.252,389.057,593.0,62.8406,264.0,0.939,103.017,-19.365,44.969,22.587,0.064,,,,NCCN at 298K
205,NCCNCCN,103.16899999999994,368.221,317.133,474.209,701.381,42.8824,402.8,0.882,207.294,-5.86,60.635,19.694,0.117,,,,NCCNCCN at 298K
206,NC(=O)CCC(N)=O,116.11999999999996,172.843,462.347,605.601,890.852,53.6437,400.37,1.21,-269.663,-432.499,26.751,35.899,0.096,,,,NC(=O)CCC(N)=O at 298K
207,C[C@H](N)C(=O)O,89.09399999999995,329.665,550.811,449.444,683.069,52.8676,252.61,0.948,-302.534,-420.583,41.753,22.154,0.094,,,,C[C@H](N)C(=O)O at 298K
208,O=C(O)CC(=O)O,104.06099999999996,448.418,385.492,522.394,813.531,58.0576,254.09,1.652,-706.4,-799.943,46.275,25.36,0.063,,,,O=C(O)CC(=O)O at 298K
209,O=C(O)CCC(=O)O,118.08799999999995,451.137,395.873,539.745,814.505,48.3443,313.09,1.373,-697.399,-821.643,51.076,52.979,0.086,,,,O=C(O)CCC(=O)O at 298K
210,CC(C)(O)C(=O)O,104.10499999999996,362.211,343.516,485.15,709.232,49.7152,270.92,1.041,-490.471,-634.746,57.686,9.403,0.1,,,,CC(C)(O)C(=O)O at 298K
211,NCCC(=O)O,89.09399999999995,348.318,76.445,463.8,719.925,52.5619,242.63,1.22,-298.495,-419.528,44.47,20.234,0.073,,,,NCCC(=O)O at 298K
212,COCC(=O)O,90.07799999999996,342.943,280.849,435.569,690.993,49.7152,251.0,1.269,-456.991,-565.049,37.825,10.413,0.071,,,,COCC(=O)O at 298K
213,CC(S)C(=O)O,106.14599999999996,311.378,289.505,453.888,698.523,50.5659,262.02,1.294,-343.038,-422.024,42.953,9.408,0.082,,,,CC(S)C(=O)O at 298K
214,CC(S)CC(=O)O,120.17299999999994,322.789,333.277,483.311,728.801,45.0345,343.51,1.214,-340.11,-432.383,47.755,12.702,0.099,,,,CC(S)CC(=O)O at 298K
215,N#CCCC#N,80.08999999999997,346.646,242.568,478.18,769.895,34.6947,300.0,1.082,254.027,209.7,54.236,3.753,0.074,,,,N#CCCC#N at 298K
216,N#CCCO,71.07899999999997,347.402,227.152,455.058,689.993,48.6816,243.0,1.165,-35.388,-98.3,61.106,7.608,0.061,,,,N#CCCO at 298K
217,SCCS,94.20399999999998,282.969,231.948,418.387,662.995,53.4871,209.0,1.163,26.712,-9.7,44.68,16.346,0.081,,,,SCCS at 298K
218,CC(=O)OCCOC(C)=O,146.14200000000008,354.386,237.892,456.788,652.997,30.8476,416.0,1.124,-626.255,-807.0,60.242,17.364,0.13,,,,CC(=O)OCCOC(C)=O at 298K
219,COC(=O)CCC(=O)OC,146.14200000000008,309.099,233.629,452.134,661.997,30.576,412.4,1.107,-622.979,-801.468,55.686,21.708,0.132,,,,COC(=O)CCC(=O)OC at 298K
220,COC(=O)CC#N,99.08899999999998,325.448,264.554,443.194,639.857,42.9948,267.1,1.139,-206.158,-230.705,54.18,13.323,0.087,,,,COC(=O)CC#N at 298K
221,CCC(=O)CC(=O)OC,130.14299999999997,354.68,244.986,439.446,644.865,32.8172,400.28,1.058,-431.744,-608.93,51.411,17.721,0.123,,,,CCC(=O)CC(=O)OC at 298K
222,C=COCC,72.10699999999996,239.496,147.535,303.055,468.944,40.3132,256.67,0.775,-52.112,-141.249,26.796,8.171,0.093,,,,C=COCC at 298K
223,CC=CF,60.07100000000002,167.14,0.0,0.0,455.976,95.793,115.92,0.823,21.164,75.631,23.517,-0.971,0.073,,,,CC=CF at 298K
224,CC=CBr,120.97699999999998,267.93,174.097,337.068,522.49,58.5914,254.98,1.423,80.059,48.461,25.162,10.293,0.085,,,,CC=CBr at 298K
225,C/C=C/I,167.97700000000006,195.078,213.522,365.831,598.697,45.8913,277.03,1.909,117.336,97.837,29.719,10.727,0.088,,,,C/C=C/I at 298K
226,CC(C)=CCl,90.55299999999997,235.469,158.983,237.682,548.065,40.6732,268.93,0.974,11.059,-57.527,44.27,-2.507,0.093,,,,CC(C)=CCl at 298K
227,C=CC#N,53.06400000000001,273.149,216.667,346.947,537.37,47.4834,217.71,0.842,182.911,188.808,34.244,5.003,0.063,,,,C=CC#N at 298K
228,C=CC(=O)OCC,100.11699999999996,294.044,193.928,376.807,550.661,38.6307,324.06,0.927,-239.817,-344.745,33.22,13.44,0.108,,,,C=CC(=O)OCC at 298K
229,C=CC=O,56.064000000000014,159.266,0.0,0.0,300.414,55.3303,71.45,2.076,16.689,63.315,15.234,1.352,0.027,,,,C=CC=O at 298K
230,C=CC(=O)O,72.06299999999999,348.244,322.211,421.968,644.073,53.801,214.35,1.015,-267.643,-323.228,25.098,12.783,0.071,,,,C=CC(=O)O at 298K
231,BrCc1ccccc1,171.03700000000003,372.662,245.325,468.239,711.059,43.3344,377.51,1.462,130.573,65.822,49.722,12.928,0.117,,,,BrCc1ccccc1 at 298K
232,NCc1ccccc1,107.15599999999993,347.625,269.094,456.814,683.496,42.9948,373.0,1.011,171.227,104.07,60.966,13.404,0.106,,,,NCc1ccccc1 at 298K
233,CCOCc1ccccc1,136.19400000000005,334.217,234.255,458.467,661.576,30.8818,442.02,0.966,33.305,-115.0,50.35,15.006,0.141,,,,CCOCc1ccccc1 at 298K
234,OCc1ccccc1,108.13999999999994,360.243,279.48,470.606,671.109,45.7674,331.22,1.081,-14.019,-102.75,63.886,12.381,0.1,,,,OCc1ccccc1 at 298K
235,N#CCc1ccccc1,117.15099999999994,364.196,272.106,489.748,731.967,36.2108,390.99,1.046,286.608,216.1,61.036,13.356,0.112,,,,N#CCc1ccccc1 at 298K
236,O=CCc1ccccc1,120.15099999999994,340.84,304.567,473.237,678.635,39.508,377.04,1.082,31.838,-53.394,52.713,18.001,0.111,,,,O=CCc1ccccc1 at 298K
237,SCc1ccccc1,124.20799999999994,268.308,243.073,467.645,711.985,40.4669,367.0,1.08,163.127,93.14,50.994,14.6,0.115,,,,SCc1ccccc1 at 298K
238,O=C(O)Cc1ccccc1,136.15000000000006,396.573,349.883,529.504,765.958,39.3597,397.21,0.952,-210.173,-320.615,55.051,18.506,0.143,,,,O=C(O)Cc1ccccc1 at 298K
239,CC(=O)Cc1ccccc1,134.17800000000003,344.87,265.744,487.827,690.929,33.6973,442.92,1.032,8.73,-106.391,54.833,14.93,0.13,,,,CC(=O)Cc1ccccc1 at 298K
240,CSCc1ccccc1,138.23500000000007,324.195,241.598,472.172,692.261,35.7799,436.26,1.055,164.296,71.98,54.204,14.957,0.131,,,,CSCc1ccccc1 at 298K
241,O=COCc1ccccc1,136.15000000000006,335.176,266.349,476.141,697.992,35.7799,397.0,1.116,-143.502,-249.3,55.404,15.65,0.122,,,,O=COCc1ccccc1 at 298K
242,O=[N+]([O-])Cc1ccccc1,137.13800000000006,393.345,271.198,499.143,728.167,41.8368,318.34,1.214,152.085,28.033,66.121,13.709,0.113,,,,O=[N+]([O-])Cc1ccccc1 at 298K
243,NC(=O)Cc1ccccc1,135.16600000000005,268.308,405.742,554.774,828.356,43.1641,454.77,1.229,4.83,-124.315,39.915,24.199,0.11,,,,NC(=O)Cc1ccccc1 at 298K
244,CC(=O)OCc1ccccc1,150.17700000000008,375.001,239.588,480.009,698.994,31.7202,449.0,1.043,-174.837,-309.16,60.08,14.979,0.144,,,,CC(=O)OCc1ccccc1 at 298K
245,COC(=O)Cc1ccccc1,150.17700000000008,359.39,251.807,481.623,685.318,32.3717,462.2,1.08,-145.381,-278.851,58.372,19.123,0.139,,,,COC(=O)Cc1ccccc1 at 298K
246,O=S(=O)(O)c1ccccc1,158.17800000000003,331.251,352.637,429.886,611.694,57.9693,385.25,2.081,-360.179,-479.0,54.891,13.151,0.076,,,,O=S(=O)(O)c1ccccc1 at 298K
247,CC(C)c1ccccc1,120.19499999999992,311.497,203.471,424.638,638.021,33.6583,441.21,0.871,136.522,0.179,45.129,9.778,0.138,5010.749,41.688,339.15,CC(C)c1ccccc1 at 298K
248,CC(C)(C)c1ccccc1,134.222,333.235,214.325,438.387,658.899,29.2072,488.39,0.866,147.943,-23.072,47.701,9.421,0.155,5624.838,41.907,339.082,CC(C)(C)c1ccccc1 at 298K
249,Fc1c(F)c(F)c(C(F)(F)F)c(F)c1F,236.06099999999995,140.39,278.503,386.703,504.211,19.6133,406.74,1.651,-1391.248,-1507.466,38.645,18.401,0.143,,,,Fc1c(F)c(F)c(C(F)(F)F)c(F)c1F at 298K
250,O=Cc1ccco1,96.08499999999997,297.717,233.59,387.559,654.678,48.8857,249.25,1.434,-20.99,-37.389,22.725,11.521,0.067,,,,O=Cc1ccco1 at 298K
251,COC(=O)c1ccco1,126.11099999999996,294.199,207.896,405.482,636.067,40.8811,303.0,1.224,-228.575,-284.954,47.358,9.34,0.103,,,,COC(=O)c1ccco1 at 298K
252,O=CC1=CC=CC1,94.11299999999996,320.054,226.193,409.025,657.419,49.6452,284.43,1.001,29.275,-33.119,40.309,12.163,0.094,,,,O=CC1=CC=CC1 at 298K
253,COC(=O)C1=CC=CC1,124.13899999999995,319.15,221.735,424.897,629.894,38.4873,365.99,1.267,-141.654,-257.783,45.967,15.268,0.098,,,,COC(=O)C1=CC=CC1 at 298K
254,CC(=O)c1ccco1,110.11199999999995,312.63,236.12,411.598,680.427,42.8264,295.38,1.184,-31.987,-88.024,47.188,8.467,0.093,,,,CC(=O)c1ccco1 at 298K
255,CC(=O)C1=CC=CC1,108.13999999999994,315.81,271.277,443.738,637.672,39.6073,354.2,1.202,6.076,-79.629,40.36,10.696,0.09,,,,CC(=O)C1=CC=CC1 at 298K
256,CC1=C(C)CCC1,96.17299999999993,229.952,186.33,372.201,451.494,38.7748,284.85,0.829,28.93,-146.459,25.811,5.725,0.116,4073.091,42.352,336.567,CC1=C(C)CCC1 at 298K
257,CCc1ccco1,96.12899999999995,263.97,129.617,337.778,579.226,41.408,291.82,1.012,91.802,29.689,33.334,6.553,0.095,,,,CCc1ccco1 at 298K
258,CCC1=CC=CC1,94.15699999999994,270.487,148.885,363.907,549.939,37.736,335.0,0.805,119.484,28.76,33.926,8.126,0.117,4006.48,42.551,341.269,CCC1=CC=CC1 at 298K
259,N#Cc1ccoc1,93.08499999999997,206.165,281.553,407.774,672.383,47.6143,248.46,1.193,221.27,233.779,22.725,7.972,0.078,,,,N#Cc1ccoc1 at 298K
260,N#CC1=CCC=C1,91.11299999999996,323.955,309.483,414.839,640.036,47.8778,278.59,1.283,265.96,261.496,47.487,9.5,0.071,,,,N#CC1=CCC=C1 at 298K
261,Clc1ccco1,102.51999999999997,271.354,195.603,330.914,606.443,51.1453,227.09,1.385,59.476,54.507,32.909,8.436,0.074,,,,Clc1ccco1 at 298K
262,ClC1=CC=CC1,100.54799999999996,261.408,181.542,355.557,581.239,48.3443,278.82,1.547,101.348,44.851,33.529,8.959,0.065,,,,ClC1=CC=CC1 at 298K
263,CC1CCCC1,84.16199999999994,249.268,150.947,340.984,544.548,37.9217,310.64,0.772,42.411,-103.175,31.948,4.966,0.109,3720.865,44.211,340.177,CC1CCCC1 at 298K
264,CCC1CCCCC1,112.21599999999991,297.809,181.962,410.841,604.165,31.1229,418.11,0.796,49.488,-161.321,39.906,8.131,0.141,4937.399,43.999,339.36,CCC1CCCCC1 at 298K
265,CC(C)C1CCCC1,112.21599999999991,290.188,186.021,398.118,596.9,30.4751,417.61,0.837,46.589,-158.72,39.897,9.843,0.134,4940.0,44.022,339.449,CC(C)C1CCCC1 at 298K
266,CC(C)(C)C1CCCCC1,140.27000000000007,300.424,237.939,442.042,651.999,26.1093,519.6,0.788,53.162,-295.388,46.988,6.93,0.178,6078.012,43.331,336.774,CC(C)(C)C1CCCCC1 at 298K
267,C=CC1CCCC1,96.17299999999993,279.975,150.344,371.853,578.866,35.1893,343.91,0.788,133.398,-1.243,35.527,5.441,0.122,4218.307,43.862,342.515,C=CC1CCCC1 at 298K
268,C=C(C)[C@@H]1CC=C(C)CC1,136.23800000000003,318.149,188.959,451.906,640.144,27.066,494.26,0.846,166.735,-116.733,38.852,12.756,0.161,5773.007,42.374,338.18,C=C(C)[C@@H]1CC=C(C)CC1 at 298K
269,ClC1CCCC1,104.57999999999994,262.797,213.46,372.426,557.697,42.7705,305.1,1.046,-10.059,-194.612,36.106,8.064,0.1,,,,ClC1CCCC1 at 298K
270,FC1CCCCC1,102.15199999999993,247.417,288.034,374.152,566.451,34.982,320.17,0.92,-153.121,-424.501,30.429,8.356,0.111,,,,FC1CCCCC1 at 298K
271,OC1CCCCC1,100.16099999999993,328.28,262.196,434.352,650.0,42.548,321.55,0.982,-109.754,-286.2,61.675,2.122,0.102,,,,OC1CCCCC1 at 298K
272,NC1CCCCC1,99.17699999999992,304.15,264.287,422.513,614.998,41.8909,353.85,0.893,82.283,-104.9,43.7,11.459,0.111,,,,NC1CCCCC1 at 298K
273,CNC1CCCCC1,113.20399999999991,302.413,229.12,427.421,621.999,34.7355,391.59,0.878,116.733,-103.0,47.185,11.462,0.129,,,,CNC1CCCCC1 at 298K
274,CN(C)C1CCCCC1,127.2309999999999,329.078,244.92,434.148,630.265,29.2072,451.79,0.86,154.631,-163.48,48.684,11.288,0.148,,,,CN(C)C1CCCCC1 at 298K
275,SC1CCCCC1,116.22899999999993,247.417,237.551,434.601,663.996,39.6073,365.57,0.977,36.653,-96.02,44.857,9.954,0.119,,,,SC1CCCCC1 at 298K
276,N#CC1CCCC1,95.14499999999994,325.344,261.796,452.034,640.22,42.3823,304.87,0.915,154.553,22.033,47.263,8.605,0.104,,,,N#CC1CCCC1 at 298K
277,O=C(O)C1CC1,86.08999999999996,321.798,295.445,438.546,681.863,49.9258,229.79,1.133,-335.313,-480.469,37.844,8.064,0.076,,,,O=C(O)C1CC1 at 298K
278,CC(=O)C1CCCCC1,126.19899999999991,335.16,261.894,465.45,656.563,32.7423,429.22,1.002,-96.602,-348.363,49.884,10.791,0.126,,,,CC(=O)C1CCCCC1 at 298K
279,O=[N+]([O-])C1CCCCC1,129.15899999999996,372.454,243.182,461.971,700.535,41.1433,297.14,1.113,53.133,-128.794,59.984,9.949,0.116,,,,O=[N+]([O-])C1CCCCC1 at 298K
280,CSC1CCCC1,116.22899999999993,285.343,172.395,424.708,639.437,38.2501,366.32,0.961,56.615,-146.415,44.377,10.206,0.121,,,,CSC1CCCC1 at 298K
281,O=CC1CCCCC1,112.17199999999993,319.95,253.152,438.513,641.399,38.8714,355.84,0.935,-67.113,-301.06,46.576,14.24,0.12,,,,O=CC1CCCCC1 at 298K
282,COC1CCCCC1,114.18799999999992,300.662,204.465,418.679,609.091,34.9407,379.97,0.859,-59.661,-330.652,41.233,8.997,0.133,,,,COC1CCCCC1 at 298K
283,O=COC1CCCCC1,128.17099999999994,314.286,226.328,436.147,643.138,37.0965,387.98,1.017,-244.794,-501.165,49.267,11.89,0.126,,,,O=COC1CCCCC1 at 298K
284,CCOC(=O)C1CCC1=O,142.15400000000008,379.284,284.074,484.525,750.264,37.0514,406.0,1.137,-431.981,-667.746,64.195,19.998,0.125,,,,CCOC(=O)C1CCC1=O at 298K
285,CC(=O)OC1CCCCC1,142.19800000000012,330.15,241.464,448.936,648.0,31.1229,442.55,1.367,-265.061,-503.0,53.943,11.219,0.104,,,,CC(=O)OC1CCCCC1 at 298K
286,CC1(C)CCCCC1,112.21599999999991,280.245,204.695,395.923,580.234,30.576,429.36,0.785,41.44,-160.797,37.136,1.999,0.143,4937.923,44.004,339.379,CC1(C)CCCCC1 at 298K
287,CCC1(C)CCCC1,112.21599999999991,274.435,175.237,397.632,582.002,30.0763,428.0,0.807,50.629,-154.9,38.998,6.697,0.139,4943.82,44.056,339.58,CCC1(C)CCCC1 at 298K
288,CC1(O)CCCC1,100.16099999999993,307.038,280.823,407.417,588.88,43.3915,325.25,0.963,-137.654,-302.729,55.008,6.148,0.104,,,,CC1(O)CCCC1 at 298K
289,CN1CCCC1=O,99.13299999999994,369.744,268.927,450.072,721.798,47.68,310.4,1.066,-69.183,-209.148,41.346,6.564,0.093,,,,CN1CCCC1=O at 298K
290,CCn1cccc1,95.14499999999994,269.381,224.804,354.696,540.663,42.2175,316.44,0.906,75.951,200.553,33.238,8.271,0.105,,,,CCn1cccc1 at 298K
291,Cc1ccccc1O,108.13999999999994,345.89,302.65,466.963,697.637,49.6452,349.03,1.071,-33.749,-128.207,71.145,13.776,0.101,,,,Cc1ccccc1O at 298K
292,Cc1cccc(O)c1,108.13999999999994,366.668,302.838,468.921,695.009,49.5058,352.05,1.05,-36.407,-127.85,67.209,13.728,0.103,,,,Cc1cccc(O)c1 at 298K
293,Cc1ccc(O)cc1,108.13999999999994,358.819,316.002,470.441,697.814,50.067,349.0,1.02,-34.909,-128.156,70.667,16.569,0.106,,,,Cc1ccc(O)cc1 at 298K
294,Cc1cccc(C)c1C,120.19499999999992,310.673,237.457,440.314,652.432,33.6194,438.63,0.89,124.452,-11.724,47.839,10.234,0.135,4998.846,41.589,338.747,Cc1cccc(C)c1C at 298K
295,Oc1ccc(O)c(O)c1,126.11099999999995,485.232,408.011,561.212,802.772,104.6015,260.11,1.327,-351.418,-454.737,134.413,28.272,0.095,,,,Oc1ccc(O)c(O)c1 at 298K
296,CCc1cc(C)cc(CC)c1,148.24900000000014,363.441,218.974,477.325,686.13,23.6626,517.6,0.882,133.313,-61.718,57.644,10.694,0.168,6223.532,41.98,338.606,CCc1cc(C)cc(CC)c1 at 298K
297,CCc1c(C)ccc(C)c1C,148.24900000000014,355.59,229.832,482.112,711.916,27.6655,516.76,0.915,139.421,-48.677,50.218,11.822,0.162,6236.573,42.068,338.961,CCc1c(C)ccc(C)c1C at 298K
298,Cc1cc(C)c(C)c(C)c1,134.222,336.502,245.608,461.563,678.997,29.7499,482.21,0.901,122.59,-34.935,46.603,10.885,0.149,5612.975,41.819,338.726,Cc1cc(C)c(C)c(C)c1 at 298K
299,Cc1cc(C)c(C)cc1C,134.222,360.989,264.963,463.582,675.148,29.7499,496.58,0.883,117.19,-38.315,46.603,21.165,0.152,5609.595,41.793,338.621,Cc1cc(C)c(C)cc1C at 298K
300,Cc1ccccn1,93.12899999999996,312.046,265.881,387.559,621.001,43.6782,320.07,0.763,177.039,68.647,42.475,8.781,0.122,,,,Cc1ccccn1 at 298K
301,Cc1cccnc1,93.12899999999996,317.801,236.614,411.963,645.0,43.6782,320.07,0.991,184.229,102.857,44.545,13.455,0.094,,,,Cc1cccnc1 at 298K
302,Cc1ccncc1,93.12899999999996,330.156,255.647,415.629,646.15,46.5184,325.67,0.98,182.049,100.621,44.795,48.551,0.095,,,,Cc1ccncc1 at 298K
303,Cc1cccnc1C,107.15599999999995,342.471,283.793,417.428,655.5,42.1082,357.13,0.765,185.159,39.07,47.721,13.552,0.14,,,,Cc1cccnc1C at 298K
304,Cc1ccnc(C)c1,107.15599999999995,342.471,347.478,419.779,647.001,39.4585,357.13,0.765,185.159,35.691,47.471,13.552,0.14,,,,Cc1ccnc(C)c1 at 298K
305,Cc1ccc(C)nc1,107.15599999999995,342.471,294.324,414.375,644.301,38.4873,357.13,0.765,185.159,41.11,47.811,13.552,0.14,,,,Cc1ccc(C)nc1 at 298K
306,Cc1cccc(C)n1,107.15599999999995,342.471,285.344,416.675,623.751,37.7823,373.96,0.765,168.209,31.533,45.351,9.146,0.14,,,,Cc1cccc(C)n1 at 298K
307,Cc1ccncc1C,107.15599999999995,342.471,266.449,452.176,683.693,41.9451,357.13,0.94,185.159,68.692,50.521,13.766,0.114,,,,Cc1ccncc1C at 298K
308,Cc1cncc(C)c1,107.15599999999995,342.471,266.481,436.781,667.698,42.1082,373.96,0.94,185.159,71.189,49.471,13.766,0.114,,,,Cc1cncc(C)c1 at 298K
309,Cc1ccc(C)c(C)n1,121.18299999999994,367.142,294.457,431.336,674.869,36.8274,428.61,0.762,181.233,9.049,51.412,15.202,0.159,,,,Cc1ccc(C)c(C)n1 at 298K
310,O=C(O)CCCC(=O)O,132.115,400.912,400.602,538.074,785.862,35.4406,384.15,1.308,-744.187,-900.198,57.248,18.414,0.101,,,,O=C(O)CCCC(=O)O at 298K
311,NCCCC(=O)O,103.12099999999994,347.89,348.862,478.322,694.474,42.1628,339.21,1.074,-316.69,-467.854,50.341,22.309,0.096,,,,NCCCC(=O)O at 298K
312,NCCCCO,89.13799999999993,330.532,297.691,448.423,665.845,47.5488,301.83,1.002,-81.71,-241.651,62.907,22.99,0.089,,,,NCCCCO at 298K
313,OCCCCCCCCCO,160.25700000000018,458.487,313.17,556.121,730.052,27.7236,570.98,0.954,-241.626,-528.269,102.356,30.501,0.168,,,,OCCCCCCCCCO at 298K
314,CC(O)COCC(C)O,134.175,304.019,270.82,482.122,647.261,34.7764,415.76,1.04,-399.511,-620.823,50.325,20.114,0.129,,,,CC(O)COCC(C)O at 298K
315,OCCSCCO,122.18899999999994,359.569,304.299,514.591,701.358,47.353,342.14,1.222,-256.205,-392.661,88.531,18.378,0.1,,,,OCCSCCO at 298K
316,OCCNCCO,105.13699999999994,412.176,320.669,512.59,708.554,47.6143,357.14,1.084,-222.75,-403.448,85.133,23.531,0.097,,,,OCCNCCO at 298K
317,CCCCOCCCO,132.20299999999997,360.643,261.864,477.537,645.155,29.5567,462.07,0.905,-234.481,-464.873,68.845,21.51,0.146,,,,CCCCOCCCO at 298K
318,NCCCCCN,102.18099999999993,301.494,299.183,456.492,642.569,36.7384,418.17,0.751,127.127,-78.15,59.752,31.556,0.136,,,,NCCCCCN at 298K
319,CN(C)CCCN,102.18099999999993,313.124,246.848,410.113,611.962,33.9722,399.84,0.838,173.421,-34.728,49.041,23.155,0.122,,,,CN(C)CCCN at 298K
320,SCCCCCS,136.28500000000005,317.201,221.059,488.304,682.217,35.1477,397.13,1.048,46.952,-71.085,59.486,23.4,0.13,,,,SCCCCCS at 298K
321,N#CCCCC#N,94.11699999999996,354.739,246.681,499.655,777.329,31.0537,350.59,1.023,242.545,170.075,59.037,15.063,0.092,,,,N#CCCCC#N at 298K
322,CCCCCCCCCCCC(=O)OCC(COC(=O)CCCCCCCCCCC)OC(=O)CCCCCCCCCCC,639.0150000000032,738.868,382.588,796.573,924.463,3.8756,2290.37,0.936,-676.582,-1818.473,223.061,103.3,0.683,,,,CCCCCCCCCCCC(=O)OCC(COC(=O)CCCCCCCCCCC)OC(=O)CCCCCCCCCCC at 298K
323,C1=Cc2ccccc2C1,116.16299999999994,270.932,283.287,462.892,696.683,40.3643,336.07,1.117,231.969,136.117,47.766,9.519,0.104,4663.027,40.142,339.527,C1=Cc2ccccc2C1 at 298K
324,c1ccc2c(c1)=c1ccccc1=2,152.19600000000005,375.266,374.297,584.248,840.198,36.5612,394.84,1.198,281.397,159.5,66.4,16.973,0.127,5872.94,38.588,336.526,c1ccc2c(c1)=c1ccccc1=2 at 298K
325,c1ccc(-c2ccccc2)cc1,154.21200000000007,378.645,298.552,537.549,790.258,39.4585,542.94,1.008,281.055,180.68,64.125,13.774,0.153,6135.95,39.789,338.93,c1ccc(-c2ccccc2)cc1 at 298K
326,c1ccc(C2CCCCC2)cc1,160.26000000000013,370.426,266.933,515.459,744.003,28.9881,546.82,0.96,189.298,-16.7,60.624,12.033,0.167,6664.06,41.583,338.723,c1ccc(C2CCCCC2)cc1 at 298K
327,c1ccc2c(c1)CCCC2,132.206,297.831,285.311,489.973,724.05,36.3854,397.1,1.049,183.099,15.74,50.158,11.535,0.126,5421.82,41.01,338.33,c1ccc2c(c1)CCCC2 at 298K
328,c1ccc(CCc2ccccc2)cc1,182.2660000000001,402.04,259.817,553.111,779.968,26.3774,616.01,1.048,295.709,143.0,69.397,30.502,0.174,7372.95,40.452,339.065,c1ccc(CCc2ccccc2)cc1 at 298K
329,c1ccc(CCCC2CCCC2)cc1,188.31400000000016,376.453,216.462,526.856,735.281,22.3228,665.94,0.942,212.964,-40.246,68.886,18.249,0.2,7915.194,42.032,339.182,c1ccc(CCCC2CCCC2)cc1 at 298K
330,C1CCC(C2CCCCC2)CC1,166.3080000000002,347.15,267.152,505.02,717.987,25.4824,579.66,0.904,97.765,-354.535,57.123,10.377,0.184,7051.715,42.402,335.224,C1CCC(C2CCCCC2)CC1 at 298K
331,C1CCC(CCC2CCCCC2)CC1,194.36200000000022,379.414,247.198,534.289,722.83,20.1069,693.64,0.879,131.343,-238.53,66.151,15.278,0.221,8442.4,43.436,338.981,C1CCC(CCC2CCCCC2)CC1 at 298K
332,C1CCC2CCCC2C1,124.2269999999999,310.834,222.801,441.817,665.307,33.4257,442.1,0.913,71.673,-146.434,42.771,7.401,0.136,5347.796,43.049,338.491,C1CCC2CCCC2C1 at 298K
333,C1CC12CC2,68.11899999999999,182.357,145.727,243.906,527.23,44.026,248.79,0.896,67.779,83.239,28.48,4.983,0.076,3028.109,44.453,346.377,C1CC12CC2 at 298K
334,c1ccc(Cc2ccccc2)cc1,168.2390000000001,400.688,277.01,539.866,775.141,30.0434,549.25,1.039,288.287,161.976,66.761,15.754,0.162,6754.586,40.149,339.008,c1ccc(Cc2ccccc2)cc1 at 298K
335,C(=C/c1ccccc1)\c1ccccc1,180.25000000000009,408.233,327.844,571.429,801.995,27.4347,601.5,1.099,366.255,244.65,57.766,27.318,0.164,7232.77,40.126,339.974,C(=C/c1ccccc1)\c1ccccc1 at 298K
336,C(=C/c1ccco1)\c1ccco1,160.17200000000005,333.376,284.513,489.616,765.448,33.5805,420.49,1.381,286.558,247.343,41.376,21.542,0.116,,,,C(=C/c1ccco1)\c1ccco1 at 298K
337,c1coc(Cc2ccco2)c1,148.16100000000006,325.83,210.531,444.305,732.027,37.1416,368.24,1.3,208.591,164.668,50.371,9.977,0.114,,,,c1coc(Cc2ccco2)c1 at 298K
338,O=C(c1ccccc1)c1ccccc1,182.22200000000007,439.977,322.732,574.822,815.883,32.705,542.4,1.191,164.832,59.0,80.615,17.633,0.153,,,,O=C(c1ccccc1)c1ccccc1 at 298K
339,O=C(Cc1ccccc1)c1ccccc1,196.24900000000008,435.254,311.828,579.143,794.843,27.3775,625.62,1.115,171.879,23.085,83.252,19.812,0.176,,,,O=C(Cc1ccccc1)c1ccccc1 at 298K
340,O=C(c1ccccc1)c1ccco1,172.18300000000005,402.548,301.911,537.875,799.862,36.4292,451.9,1.335,124.983,60.346,72.42,14.745,0.129,,,,O=C(c1ccccc1)c1ccco1 at 298K
341,O=C(C1=CC=CC1)c1ccccc1,170.21100000000007,395.013,316.06,543.877,766.62,32.0797,529.4,1.252,175.606,44.153,70.847,15.956,0.136,,,,O=C(C1=CC=CC1)c1ccccc1 at 298K
342,O=C(C(=O)c1ccccc1)c1ccccc1,210.23200000000006,483.914,376.664,604.905,832.085,28.1357,629.17,1.208,48.09,-94.628,97.106,21.808,0.174,,,,O=C(C(=O)c1ccccc1)c1ccccc1 at 298K
343,O=C1OC(c2ccc(O)cc2)(c2ccc(O)cc2)c2ccccc21,318.3279999999998,668.808,457.935,707.445,938.999,31.1229,816.62,0.847,-153.45,-144.279,173.722,53.683,0.376,,,,O=C1OC(c2ccc(O)cc2)(c2ccc(O)cc2)c2ccccc21 at 298K
344,O=C(CCC(=O)c1ccccc1)c1ccccc1,238.2860000000001,506.736,342.776,627.717,844.541,22.9671,742.83,1.151,64.466,-129.15,106.709,27.029,0.207,,,,O=C(CCC(=O)c1ccccc1)c1ccccc1 at 298K
345,O=C(c1ccccc1)C1CCCCC1,188.27000000000012,414.364,234.408,569.88,776.155,27.0099,604.42,1.095,72.927,-224.581,80.371,16.051,0.172,,,,O=C(c1ccccc1)C1CCCCC1 at 298K
346,O=C(Nc1ccccc1)c1ccccc1,197.23700000000005,366.602,392.97,638.85,739.974,38.4397,490.55,1.419,244.343,126.719,57.766,29.57,0.139,,,,O=C(Nc1ccccc1)c1ccccc1 at 298K
347,O=C(Nc1ccccc1)Nc1ccccc1,212.25200000000007,366.602,504.49,535.14,739.974,38.4397,490.55,1.527,244.343,126.719,57.766,34.58,0.139,,,,O=C(Nc1ccccc1)Nc1ccccc1 at 298K
348,O=C(c1ccccc1)N1CCCCC1,189.25800000000012,333.401,386.949,484.572,655.901,33.6583,484.57,1.245,151.768,-65.755,49.37,10.874,0.152,,,,O=C(c1ccccc1)N1CCCCC1 at 298K
349,c1ccc2c(c1)sc1ccccc12,184.26300000000003,390.91,370.313,598.635,884.66,24.5351,467.68,1.159,320.685,259.452,82.957,21.512,0.159,,,,c1ccc2c(c1)sc1ccccc12 at 298K
350,c1ccc(Sc2ccccc2)cc1,186.27900000000005,366.602,310.529,569.142,812.418,34.3708,490.55,1.089,244.343,126.719,57.766,13.405,0.171,,,,c1ccc(Sc2ccccc2)cc1 at 298K
351,O=P(Oc1ccccc1)(Oc1ccccc1)Oc1ccccc1,326.2879999999998,496.836,318.871,621.411,834.174,29.4927,740.23,1.222,380.565,-757.3,84.612,29.551,0.267,,,,O=P(Oc1ccccc1)(Oc1ccccc1)Oc1ccccc1 at 298K
352,O=S(=O)(c1ccccc1)c1ccccc1,218.27700000000004,366.602,373.559,513.983,739.974,38.4397,610.51,1.57,-62.108,-219.063,57.766,16.69,0.139,,,,O=S(=O)(c1ccccc1)c1ccccc1 at 298K
353,C/C=C\C1Cc2cccnc2N1,160.2200000000001,401.155,387.584,548.23,799.487,28.4358,471.92,0.965,379.706,190.709,79.891,26.308,0.166,,,,C/C=C\C1Cc2cccnc2N1 at 298K
354,c1ccc2c(c1)[nH]c1ccccc12,167.21100000000007,390.91,363.205,569.644,838.783,20.2514,459.62,1.194,285.277,208.824,69.793,17.784,0.14,,,,c1ccc2c(c1)[nH]c1ccccc12 at 298K
355,c1ccc(Nc2ccccc2)cc1,169.2270000000001,426.001,324.757,569.935,820.621,31.7916,549.5,1.092,355.184,208.925,73.514,16.152,0.155,,,,c1ccc(Nc2ccccc2)cc1 at 298K
356,c1ccc(-c2cc[nH]n2)cc1,144.17700000000008,389.433,257.495,495.238,791.808,49.7852,402.0,1.243,306.061,232.406,63.635,13.882,0.116,,,,c1ccc(-c2cc[nH]n2)cc1 at 298K
357,C1=CC(c2ccccc2)=NC1,143.18900000000008,317.978,320.059,592.368,710.755,42.0537,396.86,1.193,228.562,165.827,48.409,8.188,0.12,,,,C1=CC(c2ccccc2)=NC1 at 298K
358,c1ccc2ocnc2c1,119.12299999999996,330.896,343.647,458.918,770.559,51.5125,261.03,1.018,249.762,210.027,54.317,13.656,0.117,,,,c1ccc2ocnc2c1 at 298K
359,C1=Nc2ccccc2C1,117.15099999999994,243.946,366.063,581.034,780.552,34.0117,256.06,0.908,156.887,148.95,52.486,12.498,0.129,,,,C1=Nc2ccccc2C1 at 298K
360,c1ccc2oncc2c1,119.12299999999996,338.718,317.388,468.383,759.942,51.2917,293.42,1.203,250.435,260.398,56.013,13.912,0.099,,,,c1ccc2oncc2c1 at 298K
361,C1=NCc2ccccc21,117.15099999999994,243.946,353.131,590.359,780.552,34.0117,256.06,1.137,156.887,176.894,52.486,12.712,0.103,,,,C1=NCc2ccccc21 at 298K
362,c1ccc(COc2ccccc2)cc1,184.23800000000008,364.21,301.644,549.125,751.782,29.1758,560.83,1.137,184.975,47.566,74.43,17.902,0.162,,,,c1ccc(COc2ccccc2)cc1 at 298K
363,c1ccc(Oc2ccccc2)cc1,170.21100000000007,368.933,282.83,540.093,766.806,30.8818,503.0,1.142,175.016,52.0,71.793,7.963,0.149,,,,c1ccc(Oc2ccccc2)cc1 at 298K
364,c1ccc(COCc2ccccc2)cc1,198.2650000000001,377.785,276.63,571.142,777.002,25.5338,633.99,1.06,190.165,19.3,69.397,20.347,0.187,,,,c1ccc(COCc2ccccc2)cc1 at 298K
365,c1ccc2c(c1)CCO2,120.15099999999994,292.966,294.597,473.729,756.076,50.3512,308.37,1.167,42.256,-66.624,50.586,12.781,0.103,,,,c1ccc2c(c1)CCO2 at 298K
366,c1ccc2ocnc2c1,119.12299999999996,330.896,343.647,458.918,770.559,51.5125,261.03,1.018,249.762,210.027,54.317,13.656,0.117,,,,c1ccc2ocnc2c1 at 298K
367,c1ccc2ccccc2c1,128.17399999999995,353.145,296.035,510.61,738.167,39.3597,450.52,0.964,225.993,163.895,58.199,13.698,0.133,5086.315,39.683,339.025,c1ccc2ccccc2c1 at 298K
368,Cc1cccc2ccccc12,142.20100000000008,354.63,321.036,530.672,778.014,35.9083,439.34,1.102,220.75,91.668,55.793,15.225,0.129,5651.428,39.743,337.512,Cc1cccc2ccccc12 at 298K
369,Cc1ccc2ccc(C)cc2c1,156.2280000000001,379.736,328.527,539.558,777.174,31.6491,514.55,0.935,216.955,78.6,60.599,17.001,0.167,6275.7,40.17,337.881,Cc1ccc2ccc(C)cc2c1 at 298K
370,Cc1cc2ccccc2cc1C,156.2280000000001,386.842,343.199,548.725,835.67,30.8135,495.03,1.014,216.794,53.847,60.599,19.324,0.154,6250.947,40.012,337.216,Cc1cc2ccccc2cc1C at 298K
371,Cc1ccc(C)c2ccccc12,156.2280000000001,386.842,331.706,542.445,783.074,30.8135,495.03,1.014,216.794,53.847,65.849,16.436,0.154,6250.947,40.012,337.216,Cc1ccc(C)c2ccccc12 at 298K
372,Cc1ccc2ccccc2c1C,156.2280000000001,386.842,321.501,547.695,783.074,30.8135,495.03,1.014,216.794,53.847,60.599,16.913,0.154,6250.947,40.012,337.216,Cc1ccc2ccccc2c1C at 298K
373,Cc1cc(C)c2ccccc2c1,156.2280000000001,386.842,353.354,543.84,838.555,30.8135,495.03,1.014,216.794,53.847,65.659,16.913,0.154,6250.947,40.012,337.216,Cc1cc(C)c2ccccc2c1 at 298K
374,C1=Cc2cccc3cccc(c23)C1,166.22300000000007,353.947,356.542,574.155,808.811,33.2337,468.07,1.146,329.241,197.658,69.251,15.809,0.145,6548.438,39.395,338.3,C1=Cc2cccc3cccc(c23)C1 at 298K
375,c1cc2ccc3cccc4ccc(c1)c2c34,202.25600000000006,450.459,418.158,654.761,937.015,24.73,659.88,1.348,331.448,223.71,81.133,15.409,0.15,7761.02,38.372,336.291,c1cc2ccc3cccc4ccc(c1)c2c34 at 298K
376,c1ccc2cc3ccccc3cc2c1,178.23400000000007,412.694,378.684,614.009,884.245,28.9259,488.74,1.165,329.672,193.491,74.595,29.153,0.153,6939.781,38.936,337.236,c1ccc2cc3ccccc3cc2c1 at 298K
377,Cc1c2ccccc2cc2ccccc12,192.26100000000008,437.365,395.027,628.332,859.99,29.1444,539.99,1.138,317.319,167.014,77.492,21.511,0.169,7550.644,39.273,337.269,Cc1c2ccccc2cc2ccccc12 at 298K
378,Cc1c2ccccc2c(C)c2ccccc12,206.2880000000001,462.035,376.382,635.311,866.592,26.0562,594.64,1.103,313.393,138.345,80.388,23.161,0.187,8159.315,39.553,337.25,Cc1c2ccccc2c(C)c2ccccc12 at 298K
379,c1ccc2c(c1)ccc1ccccc12,178.23400000000007,412.694,387.879,615.44,879.475,30.7794,489.0,1.311,297.604,150.214,72.067,15.827,0.136,6896.504,38.694,336.187,c1ccc2c(c1)ccc1ccccc12 at 298K
380,c1cc2ccc3cccc4ccc(c1)c2c34,202.25600000000006,450.459,418.158,654.761,937.015,24.73,659.88,1.348,331.448,223.71,81.133,15.409,0.15,7761.02,38.372,336.291,c1cc2ccc3cccc4ccc(c1)c2c34 at 298K
381,Cc1c(C)c2ccccc2c2ccccc12,206.2880000000001,462.035,391.576,635.311,866.592,26.0562,594.64,1.103,313.393,92.96,80.388,23.161,0.187,8113.93,39.333,336.31,Cc1c(C)c2ccccc2c2ccccc12 at 298K
382,c1ccc2ncccc2c1,129.16199999999998,374.262,320.784,520.349,772.822,46.8368,412.57,1.123,293.224,208.534,66.414,10.912,0.115,,,,c1ccc2ncccc2c1 at 298K
383,c1ccc2cnccc2c1,129.16199999999998,383.969,319.311,513.992,794.27,49.2978,435.18,1.042,291.129,230.827,61.94,12.393,0.124,,,,c1ccc2cnccc2c1 at 298K
384,c1ccc2nc3ccccc3cc2c1,179.22200000000007,443.518,396.783,624.821,862.569,36.3416,477.8,1.179,386.05,247.645,82.301,22.844,0.152,,,,c1ccc2nc3ccccc3cc2c1 at 298K
385,Cc1cccc2nc3ccccc3cc12,193.24900000000008,468.188,401.157,634.693,869.079,32.0797,532.45,1.137,382.124,215.048,85.197,24.493,0.17,,,,Cc1cccc2nc3ccccc3cc12 at 298K
